model,model_type,rmse,mae,r2,train_rows,test_rows
random_forest,RandomForestRegressor,0.6882392580129424,0.48365216553539725,0.9481841003593453,16456,4114
decision_tree,DecisionTreeRegressor,0.8606553834903666,0.5015563168340441,0.9189705784052534,16456,4114
linear_regression,LinearRegression,1.4783544060433123,1.1363126593756678,0.7609210831898243,16456,4114
